eptism,3c389721-9e5e-35d6-a6ae-8fc6d7156342
m_boogie_c,0cafeeca-9f12-34ab-8be8-b20ac5b9678a
superdragon55,e6e4b6fa-2a30-3828-962c-6af1b568b796
suzuya,f59fe398-2e0d-3453-9d09-7a47aef0f471
aweblivion,9368d3ac-c8c8-44c3-b818-ec8bfe2c0490
candydog,bf0ccb8c-a7f7-335a-987b-e0d288ae080f
xhannahbrxl,38180103-cd5a-3dba-9520-4ae86d652ea4
big_quakez,c08ed9cc-7c03-34d8-a638-09a1e3393eb2
reddark1996,0af3de30-c43c-45d6-9fe2-533881b4bfd1
mgl_311,81d38b9c-ed80-3c71-8622-992c40a6396e
danielzxc,446e3520-79fc-31d8-8fe8-81810b7869e1
g3rwin,b8aaca10-719c-32fa-9f5f-244c90b92be5
reshireds,926a570b-6ad8-3bee-8a5b-5a637ecf9175
loki,e85b7b88-a314-3ff2-84dc-ee75a1c9c0f4
terrain456,5366105c-8331-36c5-995e-b28ba7dba732
trendy,de0bf7f1-63f4-3430-94d7-0a6ecfd7204e
tommay2014,a242559f-4624-39ae-ba23-e10a21306cc0
velpeculathefox,f767a3c5-0737-4bd7-8ab6-5a68bc1f5405
ilsb_,65e15607-f02b-36f4-8aed-3d4a97d6f6d4
izaielya,a1961e99-33f0-3054-a18f-651c7e2d4221
rai,42b1dfc1-1940-437a-9049-b6ac110534f5
zoropizza,c0234aeb-f173-3c4d-9cfc-bd618748591d
6ix9ine,67c90fb9-3b81-33cb-8533-a14d5c2e78db
fatchav,4b1f522b-a555-4e5f-96b7-542d49cba5dc
xx_bluebelle_xx,cde97a65-92e2-4cba-858b-f9a378e6e0f0
giedre20,6fe39375-6601-3bf0-8424-c1481dc31493
gina,598062ea-58de-3b2a-bb0c-aeb1ade79270
vhon,8d9db80b-d4c5-35e7-b631-eb89228ebc53
zekyro,f83979f0-350a-36ad-b130-bf4e4317f86e
beepulon,3a0e2c03-1a49-3774-b652-96fe99bcf472
sprattles,d8065e62-b06e-4856-8c7a-8c528653186e
inspiree,a7f69bcb-4003-35e5-95ab-79f3c807584c
economy,f1ead95d-8dac-3ca7-b2e1-9f9b575956c5
cantrap,05fd0afd-21f1-3fac-8e5b-f1d5f19181a1
fryfry1188,3420cc0e-fd26-3ca4-ba7d-dec96c3baa24
mcg_pro,c428ea3f-e5c3-34b8-8044-07334d6b914f
wessex,3cc2e6a7-e07f-3c0a-a7f0-2a912140fdef
17_acc10,06754e68-10fc-3a1f-81d8-09131a95e70e
aaron,d3e0a64f-7a6a-384f-b5fb-f25cc192e976
cassandra,06dbd560-e691-3afd-8cbe-17936bd96aed
channypd,b7a09ca7-4a23-3182-9ebb-2a7cb31abc39
mglibegelt,71045772-062a-3244-a984-00baf3fa4eda
mryoshi,c4ac6f6e-7310-3dab-a27a-756e69e40989
gucci_xd,e24faaed-9364-336f-a057-6de44f49ef3b
lootieloo,a34a33e9-9fa2-3d10-9595-95061e97575f
eiji24,cde5dc35-a3bd-4edb-859e-b124d6d4dfd2
jonel,e31e043f-2cfa-3a6a-b251-70aecd84c2ff
matt321123,f29bf6d0-12ae-3aad-84d6-66ef38acce4d
digong,d40647b9-5d7f-346c-8234-3b4aa3c20d6a
notch,42653081-a90e-3475-b3d6-3550cdb43f8e
pickzelgaming,efdf6533-e91a-37d1-a627-3ccf577dcddd
nycalt,8e63a7b5-dd23-3ecf-9abf-98276a2878bc
teejay,f02dabc2-df98-3a22-9f0b-2bb03f7be5ab
xarary123,121a12c4-c124-3366-aadc-ad0009b9f242
locccs,eb20db71-97fe-35ea-ac99-f23d3869a210
underwater25,17c79b57-a67e-3ffe-879f-3b4ccd3ffac7
_team,68b19537-ded0-40c9-b4f4-89569d22fdbc
troyzs,9ef11f53-147d-3f82-a3b2-8bf9d9504e57
mint,5a025014-2bd6-350c-8562-8ccd02d30e68
littlebig93,855ff35e-4082-401f-b64b-9a1c864d0c66
ryan6338,c02ca15c-3975-3bbd-8e4e-2eaf71ec5e7a
cardib,f68130b1-1b00-304f-b73f-f75e9a0455a8
zombie,45c3ad25-21af-365c-9602-372cb3e102a5
aspectual2,09678717-2736-3ab0-83d1-acf9f3a3c96e
aspectual1,e98a3e88-28c4-4140-a519-0c523498fdd4
mikeplaysmc,d4907ba0-c3d3-3002-a671-646ec14e1c0f
fire__yt,7b2d8a1a-9a83-4c1c-b387-264a59065c0a
braxis,6120bdd1-996e-301b-b5cc-65a1bc1c4ef2
zmythril,f5c257b1-2a25-330c-a9c4-9f1568c8f204
uzuha_vn,00147c9a-9b75-4662-a2fc-e267b81d8865
ggmauve,7a152bfe-efaf-3819-a21a-710d86296ba0
orochirage02,f55ac2f3-0d07-341b-b007-5e2481054b18
geometryse,49eca1b2-305b-446e-9a0e-672f6ec16941
ryanorocks,2ec26c94-42dc-33fb-bb4e-ff95e94a832a
charliechaplin18,fa576847-2a54-3bca-b6ef-e408e7999633
m_elina,8e7e4989-094e-4382-a36e-c154aa997a55
craftjob,cd4ba900-ae2b-363a-af77-daa80cd6f932
josh,b9136bab-90f4-3afe-a07c-3520a95b8f6b
wehsocba,1caf90fa-d85a-37a9-b710-1306814c961a
girlly2,b308d9bc-077d-3e0c-936f-1bc630abe413
clearness,ca13c7db-bca0-31e1-80d9-e8819f23a6d6
ktish,72916ae7-364e-3867-981b-3d010674e5f4
lubemeupdad,532a0d14-e68d-49ca-9ce7-8d52e53d08d1
pads,c64c9706-62c1-3093-a23c-c25ff858b3bf
herobrine_mc,d442d980-8a6d-3f1c-bf67-8bd9b35002bd
tokikg,6f2d4251-e6f2-3d75-8fff-8a8fc8006fb6
pengepiso,aa3de5e2-601d-3b80-a2c0-b930d71ac247
soraaa27,693df05b-f901-3b8f-b8f3-c09b7631c900
naier,4e5e9f9e-280a-391a-bd2f-8bc8b8694f31
clarkskygod,2d28ceaa-07bd-33d2-aa41-b828fa8c85a5
jawn,da03316f-e1d2-363f-87f7-26ca8ce96dc1
akane_lee153,757d119a-ac39-329d-9b24-884b86101478
circulatory,b2a8a941-7a40-4d69-b40e-d57e00c33946
meappcmr,ba59e6d9-09b9-3082-8bce-98da0cf6cc3a
duramon,3e4c82c3-c08c-36b4-9029-211ec1b22f59
rotiartzi,4471e0f7-902c-4914-8133-0c246303cb94
thetoggler,5ed552a9-3ba8-47d6-9b7b-7ae6fbbe5eb4
dis,e0bedc9a-fbfc-3847-8ff8-22ea6ac499c0
mechanizedcoder,f5165bf2-b3d3-3375-8d5c-2e6b6288f4d7
jep,fb9c0d4c-45fe-3c2f-bfa2-a68031346ae1
898737134,9103a7d5-441f-3205-b020-a9c6c32cc7c7
tanginamo_dr,8a47a24d-0683-38ae-9c92-f35b040f0e78
meatball994,ba6550ea-661b-434a-8fa2-fb120fef5ce8
shookbot,886ccd54-9701-3499-9a30-87a408a8132f
discaya12,0d7f7a03-0607-3415-9772-b870ed328313
parker_games,fd70349f-e4fd-3375-b396-43c5b0622197
thecars,eb5a24ee-f934-30b8-8730-4b795dde05aa
andrei,fbd11d81-1f06-3b6d-a204-ed380f060580
leftcrosq,81c9c64e-9bcf-35f1-a5d2-41bfd729516d
keanplaysgames,6217b950-d72e-36e1-a010-a4a7f70fab35
mrhappyhunter,93f194e8-52f8-31c5-9ec8-dbfb162371fe
lightsheep,6f10d36a-72a0-3a25-9733-a85c19952b84
nightcoreflame,95f13dce-0ca5-3133-a977-b06768d83417
sirdaivel,8663d4ef-f362-3c79-b25b-3f2880e9cd63
chest,1f9978c1-61e0-3629-94ee-869614de0e18
justnohacks,28bf27b1-fb09-4058-b7a7-b5a5874141c3
xxtriplex,47809e04-f1ef-3e63-8aad-8212e9081589
hydrology,c8f55949-b8bf-4541-8b45-b82ffb07647b
lolzkiexd,b3686f11-22d6-3817-95ff-2ab7d8814e32
_tinapa,e0069eca-8517-3794-b460-fb62830a23df
ajbanana,112af0e7-a94c-38b7-8742-e36d15dc0884
cezve,cd781d65-7588-35ca-a4b1-f3ecbc3bb057
seanpizzaspark,7858eb21-90e4-34e3-9718-e8f4ed38fc66
bugraak,786c2775-c34f-30d4-a50d-a919cff6a6f5
justinefc,3b219242-4994-3fea-8fec-455e375014e5
danteandvergil,751fc258-61cf-3791-be4a-dfbb061587e0
emcrypted,df53af2c-4123-3ec0-9d6e-06fe6ca2f27b
gamingpaul,014014a4-3de2-3e80-a19f-e8464e644b32
smite_meh,a098c75f-7ce6-45b4-80e9-90b58784b91a
eazyshock,7470d692-1a4a-30e1-a795-6939f9432fbf
bioinstinc,658b4c49-8296-3e38-8e70-b6201ba97b16
lemel13,0b148e34-bd53-3bff-94d0-7875908e7ada
overmois,a84b87ba-d3aa-3233-bd84-f083c94996cc
proximity,25709b68-e9d3-3907-ad1d-862803f024b1
yasuolord,b7daeca1-e000-3c0b-a88b-e68e49a36153
falseexecut1on,07a2c000-ec2d-30ab-ab2f-f1965149c99d
haafucou,1cb93f99-323c-30c0-bc95-07a110e61753
itsgamer2000,56a8a811-3978-3e1a-9222-5dc4edfa5e00
black878,902babf7-201e-37b8-8894-7cd0316b24de
rodmasters,42c3a99e-32be-3e52-ae04-2ddf9503a3f8
boompong,1581f7e1-960a-468d-a92b-c2c286f6437a
duckformeh,9325c9fa-6df1-4759-987c-ed1cd7ed5ce1
aludraex,6587a0f5-9fc6-325c-9569-4edca8a15c8e
inthenameofjesus,54ff4a26-98e7-414b-bf3c-2d5ecb566e2f
pledex,71d42641-c9b2-473c-b50f-3b62bf064f9a
botmorgana,0ad0cb91-bd26-3e48-8e65-6aac8629e5d4
pawelott,23c90480-7296-3b3f-81a8-1da5121c78fc
kentarozkie,eb9ba193-d081-32dd-b4f6-7df66fd219f3
pigking2006,8da55cef-6d7a-425a-89df-dcff6f8cb925
ystrikeg0d,e647d0ef-38f9-3153-81b8-2a92af8b728c
itchyditchy,2be00efa-d74b-3bd0-bd11-fc26d5d1b693
foryou,a902309e-dd58-3109-9184-ee4f91976154
zyntrixzakpilla,2cbb9514-8058-3ec3-a296-c5b78553bda4
aspectual,b561e872-0d36-4db7-bfa4-a90a3444308a
sprattles1,4b32b676-dd3b-450f-9143-a42ce0b9bcef
masonadv,bc92bd1a-8208-4629-9560-0728e864dda1
sejuani_,b55d0945-a902-3c1d-a0ca-b6366bba6000
shadowong1,eacca950-bf0b-4ca6-9bf0-14bdc5722c57
okimmi,8514d31c-67f1-3f5c-a930-b187cda04c38
russel,3e2b00a2-bdd1-3a3a-a738-da0345a4f15d
gecko10000,57004760-cee8-4954-aeaf-687bbdb9749d
hypervx5,6e3f6bdb-2b85-3452-b1aa-2d6650fa922f
leiplayz,2cca3bec-9fb0-3adb-b163-9f3f6b2ab995
yziaaaaaa,d7fccaf2-bc99-392f-8a5b-5408c444185d
khai_mc,b5ac1745-1452-3912-b12a-1f6bc99030ac
naroto,aee307c5-91f4-3b71-b6c8-e97dd4c3280a
hypervx2,b2de7bcb-1a9e-4c5e-96e7-891e52b2ca2a
generalcore,302d3337-12c8-373c-aff8-fb4e3b35652e
ltg_flipper,abbb4980-5964-4f04-8aa0-c352feaffc1c
prophet19,eb41352b-9b96-39ed-be01-8b65140f1caf
unh,e16042f4-398b-4708-9355-d81b73b85cef
timimaul318,98b20ccf-8562-4345-9568-4f5cda3c78e4
xavier16,53b9bd9c-9745-3031-a336-03833230b9d6
r3mii,234d1a16-aa56-36e7-b775-d4705cd1a091
marc,7930fc8f-023d-36f0-a592-b9051162878b
dangpanghe,c31f9863-34ec-3b84-89e9-3bab4e4f109d
zoroninja,21f78c19-5bab-31ae-9305-71c25f3f5b85
byphenixhd,5ef8d359-30d2-3a5b-8818-686a0b9d1eb3
necath,582c7be6-ee25-3d81-845f-43a0ffb0f1c9
frankythefox,d941c381-bf83-48ed-8c0d-15a3f5e7b465
yumeina,0a96b84a-5a23-35c6-a30a-deccebe31bdb
wyattcwp,78bab79e-e346-4241-9a14-0fb79231e1dc
aelruth,ec01a100-99a2-3c39-be65-ce29025d33f0
saber,03885c05-edd5-3c9d-820c-4da101f28513
tonystark,eb68d7f1-dd18-358a-ba00-0abb906b647c
vincegaming,f3d61355-1350-3826-a9f1-8711f875e314
seistill,c9dd2341-7290-353f-be28-4602779ffff3
worming,57670e29-5b22-3ce1-9446-e24088e4d741
zcily,882e6d85-9882-3f1b-b482-4ae2d5682780
nitramcz,1c859bae-582c-4655-b321-0210bad130cd
vince,de246993-4427-417f-9b30-710c75ab5abe
72rayko27,b74e384a-5a10-4cd7-ab58-2161927445a9
oscar_bygge,54950226-6136-4a36-a58e-b89f034608e5
3zozqt___gamer,aac88db2-4915-3ae4-9538-d60f2b25c054
samodexter,78126d8e-554a-32e4-822d-929f9d25f03b
thericlau,4a796c17-1de0-363c-8065-2273246a5edd
niasparklez,e8f19f62-4dcd-4b5d-958c-efd2e6328faf
levi_the_1st,09b7d584-92dd-4374-ad77-96d245a9927c
nicxlas_,1f419905-908d-3b6f-b6bc-e341d36f4ac6
erenbeygcv4,9cd93149-4ab2-3f45-a7aa-2365f2b0ec30
yihcp,5c0c04d7-6ebf-3d6d-93fc-131f25e515a2
yichie,0ed35733-039a-3082-9996-901ad5f9aad6
mikuaato,9f9dda2f-5f47-3d82-bbe6-ec33f254c85a
ekot,051353ad-ff8e-3fdd-93a6-21cb7214a4a7
darkz_,45bf86a9-8750-3521-89d9-a887822d83b5
lexus001,5e0526d4-48de-3d37-a056-ae1042d422aa
heartsofiron,f1be2bb9-61ad-3a2f-9094-db4b1bd0ddee
xsaver_gaming,6e86b34d-634f-39c7-a280-8723101c92a8
cypz,61d90243-a2c8-360e-a526-35a58f17985b
ikevin_x,f8e464fe-607b-38b8-b612-8bd329c773c3
zsubzero,a4425355-c2ea-3f9e-9af8-f3f0fee58925
flutchmc,1613d86c-424d-34ba-a030-eb08bee74518
wandzioatgaming,2788aad5-78a3-4b3b-925c-578953dbdbcb
xscythezz,1e702a15-1fa4-3001-8f6e-efa332d6567e
lordofking,bac4be5f-b8c5-35f4-8553-9a53e515bb96
subtopewdiepie,59673b9c-f6e2-3bdd-bdcf-e75c1df63d4e
mastergamer511,4530c96a-74ca-4405-897b-b6e9e4144ac8
xxseikostormxx,1d4070ad-e41b-4ad7-a6d7-088c15ab0073
argon,b8e0ae57-a9f9-3aed-921f-279bcfe5f1fd
yeiji24,e1bbaccf-36c0-3713-8d03-403cd4e6231d
xxirogoexx,846eeb13-c808-3b01-a3a2-14b693550e3b
mcotterman,6962fb33-cb60-3a0b-aaba-2c8bc4fe35f8
lilsaintsman,e6726572-1e75-3d82-a77c-678e6851049c
divenorth,7c746433-2dbe-4b79-b0b3-e869a879cd38
jervis12,2ae3a329-cc28-3b58-a1df-83c52a093e51
onepun,424d0335-eb28-3492-8b00-1fc414d46800
visayas,610ce1f1-88b9-4843-90c5-c67f2cd153a1
eataduckimust,5edfcfa7-780e-354c-9e9a-2cf0a19a997f
skygrey001,21434d01-9ab8-3acd-8160-29080ac5034b
james,be1a6c54-5a7b-4f95-95a8-f2f610c7f8b1
oadpoaw,8212ad68-c141-3fad-810d-036d37b023ec
r3m3ke,dcc8eb53-35dd-3abb-b5c1-95d49b35aea2
wrypz,0e1489b4-1ec8-3c41-963b-c0b55adc3945
hgjn6je8oyjvpngk,d0c17ce3-482b-374d-a452-830e284bff6b
suzunehori,0cecee4c-26fd-351b-bb51-f8a73640162e
yuzzelele,a5274ccb-7268-4eec-becb-afab1600d97d
pro_gamer,bbd4f796-9a6b-326a-a13c-2290021b9979
professor_c,0f0d82cf-78f1-3583-8f7b-f3e5d6a60905
abbelino,f16f8e97-140c-3dba-9103-19d2ccb19895
mashhhyyy,d02a6c20-4ae2-45f4-ad88-c45afb3a9df2
montiee,6136e2db-c189-4424-9a27-49abb282fb69
zeiji24,6ec37d15-c139-396d-afb9-891221d57a44
cjyrnash,fb26a714-4811-3d02-bf43-5f869d62aa89
mfwhjwlre1dw0rye,ac52ceda-cff4-38e3-94d8-968e326d4d56
qellap,e8827332-44e5-309c-8d03-2486f6879fbf
fries,6dda5309-ed2b-3ff3-b167-0d5dd142440d
ronaldpo0,01456c5b-5295-367d-8e3e-06460a118874
imtunderz,33173f5d-b2fd-3b4c-9207-93edfd150171
dorry22,b35da18d-9743-3db7-a67e-958e0e311de8
zzac,917b09db-6014-300a-999b-c55e0077b672
jermaine,0dc61d92-5a27-3247-a993-e5c9f7a886cb
bk3200,b2ee3cc0-a445-371b-88a3-e5bcefca7ab9
iwoveyu,db024328-c8e1-3493-9acc-44dbcf4d3871
together,f174f0cb-2e35-3dbf-9fb3-c3466d834efc
raiquia,379ac64b-2b04-3c8c-b216-77f14ce717f2
pwbdj,45f2c6cc-8943-3b78-a7d4-f25d8b8667d8
blerwolf,617d571e-97ce-37e7-a16e-243c48ba7f47
frg_abt_tht,0d510c06-dc01-3a8e-917c-a32ef4bf37ce
mrlatte,0fe50bf5-7385-4cf3-87e0-5bb2afcb73ec
kaizenyt,2788067f-af38-3cef-8ec8-a237a6a0c41a
jarektm,fac993b1-a7c1-43f6-be82-0b104eb7d873
happy99,c1b86050-8dce-3ff9-98bf-54655fe7b76d
berdie,b12a059e-79cd-3e1e-946a-bd2441774b51
bradley7creeper,2b4f330e-9e75-4080-be0d-5f83b0e72e92
tanglee,4157c9e6-0fec-3a04-b37c-012a847a563d
avxryy,7eeb0a72-cb1b-3f5e-b6af-f4f3bcd1db5a
minecrates,672d0786-cf82-32bd-ab2b-bd1ba028a698
123marine2,df55a63e-de6f-32bf-a218-6620edd0b8ee
ariel,4ee87d72-aad9-37d9-92fc-2ccfdf29174c
hacker,5f4fb526-42e3-3440-b37f-e61d207f8aee
sharqning,a80d9de3-d347-3c68-bb25-a88569f1ccb7
ended,2cde11b4-6abf-353b-922a-be0833672f2c
hideali,2477ee21-30f0-441a-ad9a-08f7b8606bcc
ph_adrian,95385a84-166f-3367-887d-a7449bb73e00
jlcgaming,78b79a3b-2518-36a9-acca-5aca8a19e0f7
ecgamer,b22fddb6-a08f-3a99-bfb4-888a672468ce
skyler_dem0n,3ac6298e-933d-4a9b-b6c0-b099e3dc6cc0
victory12,e9533c6f-76b6-3242-8520-b575d63cadbb
xaviergamingmc,ef282a2e-0b0b-3d7e-8de3-a4528566b2bb
bobcarlos,7ed0eda1-925b-3548-9135-634e10a07615
jhonmark,352d087c-4b52-3fad-af95-cccaceb89229
snaptheturtle,7c8035a1-81ad-46b7-b4ab-bc67f5809929
lengendarypvper,9c609977-1215-4b33-934f-8169ff4c4151
youngtempest,b4474441-8b4e-3312-82e3-09c3c4c1b1b9
sidestrafe,12c66c89-baaa-39cf-8eb6-8ec69520dac3
lhyco,ac119af5-e4b5-3be8-b127-0959c119d6fd
kaneki,a5b686ea-8952-3bcd-a500-e7cbd6fd2f02
fingaymer69,ab11ae6b-22d2-4af2-becf-43d15717a7a6
lilbuddhaman,9f9b59a2-b5b2-3fcc-a92e-b71fc5b7c419
flufy17,1f43d692-4e1c-328e-990d-609eb7f7ce1d
karina0mg,2ade0ae8-2bd0-3c0f-b5c8-5dbd58d14a4b
ranzsak,acb2ccdd-3fce-3929-acd9-ef716164a75a
sobuza,d5be61eb-aa3f-3544-aa21-6bbd45814c86
edge,6693ece2-1b43-315a-b1c3-9c4a441dd36e
kenanime,ac15047f-144a-35e3-921d-c1add98e5d55
dotdot,0289b03a-9419-3196-9dc4-34399edfc706
zackbearxd145,1cbb0358-4175-3924-ba7a-00942b7f5ea1
abbe006,90d2e7a3-65cd-47ed-9529-7de0a64f32cc
thesavageboy780,e958334a-2b0a-3072-bced-b3f1a7d0382a
caiusk,b4e56016-3b51-3f6c-b7fd-f96eca655ef4
pieceoflimepie,f8425482-8c39-4498-95e4-a1158828392b
alexkidd_gaming,58b92641-7a25-4d66-981d-35f49ce632d1
blizty,423b7de2-3bd2-3315-bca1-e69a0565959b
cooner003,980057a6-fd6d-387e-9032-43e8ae2ce05a
baconpancakes,38808dea-fe44-3646-921d-282921261330
sdiown,bda0457b-c58f-38d4-8b26-d4374e88a2ec
sasuke__,dd85151d-6388-3793-ae86-7a2a2bf5569c
blitzy,e2d05028-8dc0-3250-941c-cdb7bf71204f
rintal,5134896c-970a-3607-afd3-e15ef52e9799
strix,68d5938b-4c3f-331a-90a2-1f02071cb698
articuno96,466a8c51-1cba-335c-be9e-d6e909de209d
myfriendsxd,c236796b-5326-3c2a-84a0-efb146a1699d
sopasopas,c76d8426-364e-34a0-a819-15235f35e09f
zwrumpy,c106a1a5-e57d-4b46-8b31-c6c76d9c9887
mekdo,6acf22c2-20ad-4813-add4-1b30d20e6659
lukismybeid,b6424c6e-ce90-3eb9-90f1-dcf892517dd8
ponderius25,b2271f10-114f-3a47-baa3-f8b1cbebc011
dinara,ddc2eb31-8352-31cc-9af7-471fdb2224f5
jetbro123,ed0287fa-9285-3ffc-a781-987aeca9d2df
_please,bf75f8f7-df34-3174-b1fe-3667814fdddb
n1njagam1ng,a686c47b-29c6-368e-882f-e3a5663d298c
_drstrange,40baa981-9df1-44f7-938b-62bb2ee3360a
camsterbro,10025740-77af-3f89-b324-a6721101c0e1
iroasgodfrey,b79669e6-1f03-37e6-a4db-afc856d2f9ee
psycdtr,7928e024-c2ad-32ed-a200-40f3f63c00a8
joseph,4bc95482-9e74-3551-8ff3-d769f3bb05c5
superman,be41f88b-c1ea-36ff-adde-177844742590
zainick,c5f74f57-d26b-4915-9813-4a241c723343
biscuitowo,487caca4-2033-301b-925b-672e573ef67f
pvp_noob_01,956b65c2-d7ba-367a-9b51-8531efb4dafc
raimorai,55c46e22-50b7-3eae-9207-5b226a3786fc
inside_out09,1f8a71a2-c091-3432-8d10-c65d4a3d5494
rasel,84db6381-ab0d-3e22-8ee9-3487be1d252b
rustedcage,0a7ce353-b16b-45d1-8b14-c39b0bbf948f
youngslicer,cefca6e3-2b73-4a68-9578-1fc50dedaaad
crestz,aea93907-b391-36cd-93c7-8f6dcd6ebaae
jamesf,14a7ad69-073e-3472-aeb6-e897b04407f3
redeyeimmortal,e0c2c8ef-14f9-4688-b624-263e4efe50d2
cjmar121,6aed4a45-0d38-3a42-8d9b-95b263e7b2a8
ktmh96,df960b63-c795-3a53-a4ae-f4da549b2d82
blackfox89,9a833cc8-35a2-3ec2-af19-10010f527dda
pingzeh,8a8f82ac-ede8-4750-a18f-54c3dbb295c1
larryfalls,22e45f7f-b843-48ed-8bde-f1d5e170ca35
tbnrashley,9595616f-240f-32d3-a915-6800b2e0a666
cereal12d,e8df1268-cb3b-3394-8acd-ed7383971c41
summarised,db379252-0d90-44dc-8371-cf82a10ea4ca
brattysis,a0539aae-55d7-3149-a97c-290c89fe599f
havocker,482d96f2-ffb7-32d8-954b-e04e224f4ba2
rkdia,92426748-6a92-3538-9dad-7bb10db7f38a
_1kyro,dc93572d-6533-4e38-a781-03ee2eafc59d
oleks,eed45c62-8eb3-3c40-936c-174d1f5849cb
player,a01e3843-e521-3998-958a-f459800e4d11
pupped,68cc2b28-0728-4256-b9e1-f836ed1093ad
themartax,f637aaea-7de0-3b01-a5d8-85271e1ead99
imarham,7dc773c2-3a05-32e5-ace5-e531d56467c2
nasigaming,50ef6764-7741-3717-a442-69bd29e22b72
cfwarsmc,8393f92b-01e4-377b-b60f-ffa2f3c80ea1
neolopez321,c05d5a65-f31e-37b3-93d2-9f23d638fd4b
pachez,48a3accf-4ae6-4a53-9b69-e531cc7cd818
trackgirl,1b4d2c88-2b48-340d-82e0-6502cb81f7a4
duppy,7608ae90-4db5-31de-99b8-3bd4bdb4ddae
ikokomash,57063789-58e3-3e9a-9bc3-4da69916fe8d
lyle,77b10090-c6fb-3ae1-8bd1-f61a6991d060
fasha_,9696da04-d364-3d7f-8f07-e10f58586756
leuc,fed1bee5-bce5-3978-88c1-41ae0a35082d
daemon_hunter1,bbe51863-d14c-43fb-927b-1631e432bb96
drstrange,3eb39c98-8179-406e-a048-558977d5f916
noob_cat,2720e23d-2e15-33a7-88ec-97161d0ff81a
